{
  "IcoMoonType": "selection",
  "icons": [
    {
      "icon": {
        "paths": [
          "M910.531 138.555v746.889h-796.699v-746.889h796.699zM910.531 31.83h-796.699c-62.614 0-113.832 48.017-113.832 106.726v746.889c0 58.709 51.218 106.726 113.832 106.726h796.699c62.614 0 113.832-48.017 113.832-106.726v-746.889c0-58.709-51.218-106.726-113.832-106.726z"
        ],
        "attrs": [
          {}
        ],
        "isMulticolor": false,
        "isMulticolor2": false,
        "grid": 0,
        "tags": [
          "box-empty"
        ]
      },
      "attrs": [
        {}
      ],
      "properties": {
        "order": 29,
        "id": 5,
        "name": "box-empty",
        "prevSize": 32
      },
      "setIdx": 0,
      "setId": 3,
      "iconIdx": 1
    },
    {
      "icon": {
        "paths": [
          "M853.468 170.694h-682.774c-46.941 0-84.892 38.406-84.892 85.347l-0.455 512.081c0 46.941 38.406 85.347 85.347 85.347h682.774c46.941 0 85.347-38.406 85.347-85.347v-512.081c0-46.941-38.406-85.347-85.347-85.347zM836.399 352.084l-301.673 188.56c-6.441 4.026-14.264 6.414-22.645 6.414s-16.205-2.388-22.828-6.52l0.182 0.106-301.673-188.56c-10.742-6.422-17.823-17.991-17.823-31.214 0-20.017 16.227-36.244 36.244-36.244 7.443 0 14.361 2.243 20.117 6.091l-0.132-0.083 285.912 178.773 285.912-178.83c5.624-3.765 12.542-6.008 19.985-6.008 20.017 0 36.244 16.227 36.244 36.244 0 13.223-7.081 24.792-17.658 31.122l-0.165 0.092z"
        ],
        "attrs": [
          {}
        ],
        "isMulticolor": false,
        "isMulticolor2": false,
        "grid": 0,
        "tags": [
          "email-black"
        ]
      },
      "attrs": [
        {}
      ],
      "properties": {
        "order": 30,
        "id": 4,
        "name": "modal-email",
        "prevSize": 32
      },
      "setIdx": 0,
      "setId": 3,
      "iconIdx": 2
    },
    {
      "icon": {
        "paths": [
          "M154.185 492.461l-5.436-5.2-5.436 5.121-75.95 72.011 5.988 5.751 280.874 267.874 5.436-5.2 597.201-569.705-5.988-5.673-74.926-71.459-5.436 5.2-516.288 492.1-200.039-190.821z"
        ],
        "attrs": [
          {
            "fill": "rgb(255, 255, 255)",
            "stroke": "rgb(255, 255, 255)",
            "strokeLinejoin": "miter",
            "strokeLinecap": "butt",
            "strokeMiterlimit": "4",
            "strokeWidth": 15.753846153846155
          }
        ],
        "isMulticolor": false,
        "isMulticolor2": false,
        "grid": 0,
        "tags": [
          "mark"
        ]
      },
      "attrs": [
        {
          "fill": "rgb(255, 255, 255)",
          "stroke": "rgb(255, 255, 255)",
          "strokeLinejoin": "miter",
          "strokeLinecap": "butt",
          "strokeMiterlimit": "4",
          "strokeWidth": 15.753846153846155
        }
      ],
      "properties": {
        "order": 35,
        "id": 3,
        "name": "mark",
        "prevSize": 32
      },
      "setIdx": 0,
      "setId": 3,
      "iconIdx": 3
    },
    {
      "icon": {
        "paths": [
          "M512.081 512.081c94.271 0 170.694-76.422 170.694-170.694s-76.422-170.694-170.694-170.694v0c-94.271 0-170.694 76.422-170.694 170.694s76.422 170.694 170.694 170.694v0zM512.081 597.428c-113.966 0-341.387 57.182-341.387 170.694v42.673c0 23.442 19.175 42.673 42.673 42.673h597.428c23.442 0 42.673-19.231 42.673-42.673v-42.673c0-113.511-227.478-170.694-341.387-170.694z"
        ],
        "attrs": [
          {}
        ],
        "isMulticolor": false,
        "isMulticolor2": false,
        "grid": 0,
        "tags": [
          "person-black"
        ]
      },
      "attrs": [
        {}
      ],
      "properties": {
        "order": 32,
        "id": 2,
        "name": "modal-person",
        "prevSize": 32
      },
      "setIdx": 0,
      "setId": 3,
      "iconIdx": 4
    },
    {
      "icon": {
        "paths": [
          "M796.343 632.875l-104.578-11.949c-2.88-0.359-6.213-0.564-9.594-0.564-22.629 0-43.116 9.174-57.943 24.005l-75.788 75.788c-117.434-60.612-210.757-153.953-269.72-267.946l-1.626-3.457 76.243-76.072c14.832-14.828 24.006-35.314 24.006-57.943 0-3.381-0.205-6.714-0.603-9.988l0.039 0.394-11.949-103.782c-4.952-41.202-39.698-72.829-81.832-72.829-0.036 0-0.071 0-0.107 0l-71.231-0c-46.542 0-85.233 38.691-82.388 85.176 21.849 351.629 303.095 632.477 654.326 654.326 46.486 2.845 85.233-35.846 85.233-82.388v-71.236c0.001-0.117 0.001-0.256 0.001-0.396 0-41.855-31.515-76.349-72.11-81.047l-0.379-0.036z"
        ],
        "attrs": [
          {}
        ],
        "isMulticolor": false,
        "isMulticolor2": false,
        "grid": 0,
        "tags": [
          "phone-black"
        ]
      },
      "attrs": [
        {}
      ],
      "properties": {
        "order": 33,
        "id": 1,
        "name": "modal-phone",
        "prevSize": 32
      },
      "setIdx": 0,
      "setId": 3,
      "iconIdx": 5
    }
  ],
  "height": 1024,
  "preferences": {
    "showGlyphs": true,
    "showQuickUse": true,
    "showQuickUse2": true,
    "showSVGs": true,
    "fontPref": {
      "prefix": "icon-",
      "metadata": {
        "fontFamily": "icomoon",
        "majorVersion": 1,
        "minorVersion": 0
      },
      "metrics": {
        "emSize": 1024,
        "baseline": 6.25,
        "whitespace": 50
      },
      "embed": false,
      "showSelector": false
    },
    "imagePref": {
      "prefix": "icon-",
      "png": true,
      "useClassSelector": true,
      "color": 0,
      "bgColor": 16777215,
      "classSelector": ".icon",
      "name": "icomoon",
      "height": 32,
      "columns": 16,
      "margin": 16
    },
    "historySize": 50,
    "showCodes": true,
    "gridSize": 16,
    "showGrid": false
  }
}